TC_No,Isim,Soyisim,Tel_no,E_posta,Mezuniyet_tarihi
90595699693,Omie,Lodge,90595699693,90595699693@mail.com,
90620793339,Dell,Jarram,90620793339,90620793339@mail.com,
90640016930,Angela,Moseley,90640016930,90640016930@mail.com,
90643608404,Alvah,Ostcliffe,90643608404,90643608404@mail.com,
90652273686,Miguel,Newcombe,90652273686,90652273686@mail.com,
90699456980,Melva,Tipping,90699456980,90699456980@mail.com,
90701654680,Christian,Freeth,90701654680,90701654680@mail.com,
90701655266,George,Hoare,90701655266,90701655266@mail.com,
90710698329,Thornton,Connor,90710698329,90710698329@mail.com,
90721898976,Ivah,Beal,90721898976,90721898976@mail.com,
90722932605,Vivian,Kennard,90722932605,90722932605@mail.com,
90751684938,Diana,Hutchins,90751684938,90751684938@mail.com,
90756086097,Elihu,Ogden,90756086097,90756086097@mail.com,
90764975972,Estell,Stokoe,90764975972,90764975972@mail.com,
90776022022,Gena,Myatt,90776022022,90776022022@mail.com,
90779205471,Noble,Kingsley,90779205471,90779205471@mail.com,
90786654467,Dee,Ayling,90786654467,90786654467@mail.com,
90793024789,Waldo,Nineham,90793024789,90793024789@mail.com,
90820049490,Jean,Farrier,90820049490,90820049490@mail.com,
90827871180,Magdalene,Western,90827871180,90827871180@mail.com,
90834482502,Roy,Squire,90834482502,90834482502@mail.com,
90840696953,Earnest,Ireland,90840696953,90840696953@mail.com,
90856053697,Stanton,Cole,90856053697,90856053697@mail.com,
90862843210,Gary,Forde,90862843210,90862843210@mail.com,
90894424766,Sophronia,Gold,90894424766,90894424766@mail.com,
90931805280,Nora,Fewtrell,90931805280,90931805280@mail.com,
90932013051,James,Macmillan,90932013051,90932013051@mail.com,
90952861644,Edgar,Giblin,90952861644,90952861644@mail.com,
90966804751,Orion,Joynson,90966804751,90966804751@mail.com,
91000860039,Henry,Baird,91000860039,91000860039@mail.com,
91006630557,Ernst,Tanner,91006630557,91006630557@mail.com,
91009645783,Arrie,Crosby,91009645783,91009645783@mail.com,
91022218489,Johnie,Bear,91022218489,91022218489@mail.com,
91098235678,Adolf,Ealy,91098235678,91098235678@mail.com,
91115457476,Dicie,Ilett,91115457476,91115457476@mail.com,
91118609653,Fleming,Roffey,91118609653,91118609653@mail.com,
91131496072,Lloyd,Putt,91131496072,91131496072@mail.com,
91150495615,Sara,Newey,91150495615,91150495615@mail.com,
91156066140,Lulu,Eadie,91156066140,91156066140@mail.com,
91180246261,Adam,Jenks,91180246261,91180246261@mail.com,
91205277673,Lella,Varley,91205277673,91205277673@mail.com,
91206260751,Irene,Lawther,91206260751,91206260751@mail.com,
91227216082,Lucile,Nunn,91227216082,91227216082@mail.com,
91228469870,Wellington,Labbe,91228469870,91228469870@mail.com,
91236836179,Maye,Adrol,91236836179,91236836179@mail.com,
91244061987,Boston,Pickard,91244061987,91244061987@mail.com,
91244892076,Gordon,Kinsella,91244892076,91244892076@mail.com,
91245450772,Mamie,Brook,91245450772,91245450772@mail.com,
91278265778,Clifford,Dimmock,91278265778,91278265778@mail.com,
91286877925,Bernie,Bartlett,91286877925,91286877925@mail.com,
91373840447,Robert,Ashbridge,91373840447,91373840447@mail.com,
91381057074,Amelia,Rigley,91381057074,91381057074@mail.com,
91384006011,Maryann,Watkins,91384006011,91384006011@mail.com,
91391091027,Junious,Goff,91391091027,91391091027@mail.com,
91399000209,Mattie,Dean,91399000209,91399000209@mail.com,
91424052223,Michael,Partlett,91424052223,91424052223@mail.com,
91425630901,Artie,Duck,91425630901,91425630901@mail.com,
91456684339,Maynard,Sylvester,91456684339,91456684339@mail.com,
91462676661,Stacy,Goodyear,91462676661,91462676661@mail.com,
91464259071,Joanna,Dwyer,91464259071,91464259071@mail.com,
91542986683,Marietta,Gallo,91542986683,91542986683@mail.com,
91586068286,Sammie,Attewell,91586068286,91586068286@mail.com,
91647679534,Joseph,Rees,91647679534,91647679534@mail.com,
91672600859,Titus,Prendergast,91672600859,91672600859@mail.com,
91693851587,Drusilla,Higginson,91693851587,91693851587@mail.com,
91733035755,Leslie,Duke,91733035755,91733035755@mail.com,
91772497003,Clare,Turke,91772497003,91772497003@mail.com,
91796402260,Connie,Iddon,91796402260,91796402260@mail.com,
91829614203,Maude,Platt,91829614203,91829614203@mail.com,
91838856309,Almer,Wild,91838856309,91838856309@mail.com,
91851020737,Leora,Mcguinness,91851020737,91851020737@mail.com,
91859029877,Electa,Almond,91859029877,91859029877@mail.com,
91874429509,Araminta,Lakey,91874429509,91874429509@mail.com,
91881035947,Teressa,Kearsley,91881035947,91881035947@mail.com,
91885835721,Jane,Dundon,91885835721,91885835721@mail.com,
91888436409,Netta,Gates,91888436409,91888436409@mail.com,
91896018075,Pedro,Were,91896018075,91896018075@mail.com,
91911236360,Eber,Rossi,91911236360,91911236360@mail.com,
91913893911,Helena,Alam,91913893911,91913893911@mail.com,
91927218277,Ottis,Tonner,91927218277,91927218277@mail.com,
91936843653,Delbert,Eilers,91936843653,91936843653@mail.com,
91959282857,Wendell,Abdi,91959282857,91959282857@mail.com,
91963607669,Hassie,Dyde,91963607669,91963607669@mail.com,
91968251267,Abe,Dickson,91968251267,91968251267@mail.com,
91984287190,Marcia,Stone,91984287190,91984287190@mail.com,
92011241597,William,Pattison,92011241597,92011241597@mail.com,
92012636230,Ferd,Addley,92012636230,92012636230@mail.com,
92018602565,Mary,Eglin,92018602565,92018602565@mail.com,
92021217639,Rolla,Lame,92021217639,92021217639@mail.com,
92058663112,Leola,Will,92058663112,92058663112@mail.com,
92077694931,Bailey,Joyce,92077694931,92077694931@mail.com,
92078688045,Ella,Sterling,92078688045,92078688045@mail.com,
92086241417,Turner,Clancy,92086241417,92086241417@mail.com,
92100492390,Polly,Leeson,92100492390,92100492390@mail.com,
92119847836,Anthony,Jewkes,92119847836,92119847836@mail.com,
92136055671,Manervia,Edgell,92136055671,92136055671@mail.com,
92140421712,Eudora,Mccabe,92140421712,92140421712@mail.com,
92140833942,Missouri,Diamond,92140833942,92140833942@mail.com,
92142465889,Elliot,Oaks,92142465889,92142465889@mail.com,
92147671701,Presley,Dymott,92147671701,92147671701@mail.com,
92165445453,Minna,Stacey,92165445453,92165445453@mail.com,
92167262921,Helene,Ashford,92167262921,92167262921@mail.com,
92177215664,Clemie,Mcshane,92177215664,92177215664@mail.com,
92196094727,Almira,Thorndyke,92196094727,92196094727@mail.com,
92197866457,Maymie,Avery,92197866457,92197866457@mail.com,
92216000895,Johnnie,Vardy,92216000895,92216000895@mail.com,
92245643809,Sue,Wrench,92245643809,92245643809@mail.com,
92307212289,Lonnie,Newberry,92307212289,92307212289@mail.com,
92315239803,Milo,Gale,92315239803,92315239803@mail.com,
92358829118,Adella,Aldren,92358829118,92358829118@mail.com,
92359205885,Cecelia,Kerr,92359205885,92359205885@mail.com,
92377490739,Catharine,Alder,92377490739,92377490739@mail.com,
92383059742,Wyatt,Kenning,92383059742,92383059742@mail.com,
92391687013,Omer,Macaulay,92391687013,92391687013@mail.com,
92402016909,Miriam,Burnett,92402016909,92402016909@mail.com,
92414029099,Phil,Gardner,92414029099,92414029099@mail.com,
92470463010,Ned,Trafford,92470463010,92470463010@mail.com,
92494237247,Lottie,Kentwood,92494237247,92494237247@mail.com,
92495010189,Edgar,Hawtin,92495010189,92495010189@mail.com,
92495805212,Junius,Plumb,92495805212,92495805212@mail.com,
92512605283,Wilton,Redman,92512605283,92512605283@mail.com,
92530620382,Mat,Lohan,92530620382,92530620382@mail.com,
92550174527,Aden,Weldon,92550174527,92550174527@mail.com,
92552836835,Florida,Dougherty,92552836835,92552836835@mail.com,
92555041337,Vern,Mooney,92555041337,92555041337@mail.com,
92561492777,Bernhard,Tovey,92561492777,92561492777@mail.com,
92566842522,Ambrose,Gifford,92566842522,92566842522@mail.com,
92576400775,Indiana,Wharton,92576400775,92576400775@mail.com,
92577076671,Hilma,Wilson,92577076671,92577076671@mail.com,
92597248780,Millie,Elston,92597248780,92597248780@mail.com,
92632182058,Rutherford,Orritt,92632182058,92632182058@mail.com,
92638842607,Gertrude,Russon,92638842607,92638842607@mail.com,
92659663854,Nancy,Livingstone,92659663854,92659663854@mail.com,
92665685335,Auther,Kennett,92665685335,92665685335@mail.com,
92673699438,Pleasant,Greenleaf,92673699438,92673699438@mail.com,
92680863298,Cleo,Kampfner,92680863298,92680863298@mail.com,
92684038776,Fronie,Tobin,92684038776,92684038776@mail.com,
92716881248,Willis,Downer,92716881248,92716881248@mail.com,
92736476060,Raleigh,Opayne,92736476060,92736476060@mail.com,
92805060409,Finley,Barker,92805060409,92805060409@mail.com,
92814762041,Nelia,Holder,92814762041,92814762041@mail.com,
92871088556,Anita,Lynes,92871088556,92871088556@mail.com,
92875845586,Izora,Nevis,92875845586,92875845586@mail.com,
92881401617,Albina,Exley,92881401617,92881401617@mail.com,
92917063898,Freddie,Hansen,92917063898,92917063898@mail.com,
92941048567,Nora,Wainwright,92941048567,92941048567@mail.com,
92941472409,Elnora,Knigge,92941472409,92941472409@mail.com,
92964617311,Alva,Telford,92964617311,92964617311@mail.com,
92973600226,Byron,Dudley,92973600226,92973600226@mail.com,
93169264199,Ira,Sims,93169264199,93169264199@mail.com,
93172254786,Knute,Croucher,93172254786,93172254786@mail.com,
93173082262,Hardy,Hallett,93173082262,93173082262@mail.com,
93211045360,Orilla,Duffin,93211045360,93211045360@mail.com,
93265604844,Verdie,Donohoe,93265604844,93265604844@mail.com,
93272810884,Adela,Riches,93272810884,93272810884@mail.com,
93275465795,Claus,Jewell,93275465795,93275465795@mail.com,
93287092042,Dessa,Evrard,93287092042,93287092042@mail.com,
93311264238,Emmie,Hadfield,93311264238,93311264238@mail.com,
93349247061,Viva,Court,93349247061,93349247061@mail.com,
93362608417,Dwight,Ogilvie,93362608417,93362608417@mail.com,
93425484544,Andrew,Antram,93425484544,93425484544@mail.com,
93425651583,Travis,Kearton,93425651583,93425651583@mail.com,
93430440626,Anderson,Stock,93430440626,93430440626@mail.com,
93438276727,Evelina,Yeardsley,93438276727,93438276727@mail.com,
93444899585,Eugene,Norbury,93444899585,93444899585@mail.com,
93453658663,Merritt,Dunkley,93453658663,93453658663@mail.com,
93453826003,Clemmie,Curwood,93453826003,93453826003@mail.com,
93464647801,Bradley,Treble,93464647801,93464647801@mail.com,
93481623501,Jeremiah,Ashworth,93481623501,93481623501@mail.com,
93483669792,Margaretta,Creasey,93483669792,93483669792@mail.com,
93494568883,Elwood,Hanson,93494568883,93494568883@mail.com,
93499090601,Ottie,Anwar,93499090601,93499090601@mail.com,
93513636033,Lucille,Rickards,93513636033,93513636033@mail.com,
93528031725,Harl,Hepples,93528031725,93528031725@mail.com,
93571014165,Henry,Bateman,93571014165,93571014165@mail.com,
93614225261,Forest,Eyres,93614225261,93614225261@mail.com,
93632625560,Love,Norgrove,93632625560,93632625560@mail.com,
93678829046,Louisa,Brookes,93678829046,93678829046@mail.com,
93687054714,Benjamine,Render,93687054714,93687054714@mail.com,
93714211311,Floy,Hinds,93714211311,93714211311@mail.com,
93715295740,Mazie,Farre,93715295740,93715295740@mail.com,
93730035818,Bishop,Bowles,93730035818,93730035818@mail.com,
93752840201,Velma,Doherty,93752840201,93752840201@mail.com,
93774429844,Lewis,Spooner,93774429844,93774429844@mail.com,
93800369324,Minerva,Emmott,93800369324,93800369324@mail.com,
93823455702,Valentine,Kenyon,93823455702,93823455702@mail.com,
93838202846,Christopher,Curtis,93838202846,93838202846@mail.com,
93878650459,Vannie,Gillies,93878650459,93878650459@mail.com,
93884275335,Angelina,Ewart,93884275335,93884275335@mail.com,
93962027198,Bettie,Furlong,93962027198,93962027198@mail.com,
93989239019,Sarah,Colman,93989239019,93989239019@mail.com,
94028720435,Emma,Duckworth,94028720435,94028720435@mail.com,
94084214223,Nella,Crabb,94084214223,94084214223@mail.com,
94084694004,Barton,Rowe,94084694004,94084694004@mail.com,
94088402901,Abigail,Proctor,94088402901,94088402901@mail.com,
94094143116,Essie,Paul,94094143116,94094143116@mail.com,
94101858391,Dave,Woodham,94101858391,94101858391@mail.com,
94197491641,Woodie,Baines,94197491641,94197491641@mail.com,
94229091504,Gilbert,Alcock,94229091504,94229091504@mail.com,
94242296011,Rufus,Imran,94242296011,94242296011@mail.com,
94248209029,Henrietta,Malone,94248209029,94248209029@mail.com,
94254330736,Mack,Brennan,94254330736,94254330736@mail.com,
94296250552,Phebe,Petersen,94296250552,94296250552@mail.com,
94322030214,Joan,Philpott,94322030214,94322030214@mail.com,
94330028952,Rube,Woodcock,94330028952,94330028952@mail.com,
94349815619,Marguerite,Gell,94349815619,94349815619@mail.com,
94378214220,Llewellyn,Panesar,94378214220,94378214220@mail.com,
94378679528,Abbie,Bryant,94378679528,94378679528@mail.com,
94380489095,Hilda,Perrin,94380489095,94380489095@mail.com,
94388050968,Pleas,Gallagher,94388050968,94388050968@mail.com,
94393449629,Harley,Kerridge,94393449629,94393449629@mail.com,
94398417093,Merton,Ashwell,94398417093,94398417093@mail.com,
94425222624,Regina,Stevens,94425222624,94425222624@mail.com,
94448263734,Lelia,Norris,94448263734,94448263734@mail.com,
94526846542,Duke,Oreilly,94526846542,94526846542@mail.com,
94532222148,Florence,Younge,94532222148,94532222148@mail.com,
94541434141,Hoy,Parrott,94541434141,94541434141@mail.com,
94546865106,Phyllis,Naumann,94546865106,94546865106@mail.com,
94573651499,Nannie,Love,94573651499,94573651499@mail.com,
94584231073,Solomon,Topham,94584231073,94584231073@mail.com,
94589481016,Sabina,Kings,94589481016,94589481016@mail.com,
94624482762,Elbert,Gooch,94624482762,94624482762@mail.com,
94627623200,Agatha,Flaxman,94627623200,94627623200@mail.com,
94629435275,Orrie,Tickner,94629435275,94629435275@mail.com,
94671290746,Una,Sparkes,94671290746,94671290746@mail.com,
94681899519,Homer,Renshaw,94681899519,94681899519@mail.com,
94703232954,Charity,Floyd,94703232954,94703232954@mail.com,
94752255118,Williams,Tapping,94752255118,94752255118@mail.com,
94759070660,Alonza,Hiscocks,94759070660,94759070660@mail.com,
94768479526,Clinton,Lawler,94768479526,94768479526@mail.com,
94773609137,Angus,Neale,94773609137,94773609137@mail.com,
94805030336,Otto,Stoddart,94805030336,94805030336@mail.com,
94809655311,Claud,Notman,94809655311,94809655311@mail.com,
94811446684,Lucian,Glasby,94811446684,94811446684@mail.com,
94813241450,Rene,Danks,94813241450,94813241450@mail.com,
94818261792,Augusta,Flack,94818261792,94818261792@mail.com,
94828273369,Mitchel,Cope,94828273369,94828273369@mail.com,
94840848175,Rosella,Greaves,94840848175,94840848175@mail.com,
94842276669,Wilda,Jowitt,94842276669,94842276669@mail.com,
94844280846,Evalyn,Monaghan,94844280846,94844280846@mail.com,
94848164615,Leonidas,Lawrance,94848164615,94848164615@mail.com,
94854929366,Horace,Harlow,94854929366,94854929366@mail.com,
94891658820,Amanda,Templeton,94891658820,94891658820@mail.com,
94901012531,Leanna,Nutman,94901012531,94901012531@mail.com,
94949282665,Ross,Humphries,94949282665,94949282665@mail.com,
94997039644,Blaine,Mccallum,94997039644,94997039644@mail.com,
95035258961,Neva,Isbill,95035258961,95035258961@mail.com,
95063672501,Charles,Mullins,95063672501,95063672501@mail.com,
95073480806,Eula,Tips,95073480806,95073480806@mail.com,
95079404746,Irving,Topley,95079404746,95079404746@mail.com,
95120605804,Adrian,Amesbury,95120605804,95120605804@mail.com,
95144128483,Verna,Lawn,95144128483,95144128483@mail.com,
95180813938,Opal,Garbutt,95180813938,95180813938@mail.com,
95188275408,Elvina,Nielsen,95188275408,95188275408@mail.com,
95190167001,Kittie,Alker,95190167001,95190167001@mail.com,
95205489838,Volney,Wooldridge,95205489838,95205489838@mail.com,
95211011721,Liller,Jacobs,95211011721,95211011721@mail.com,
95246644696,Linna,Keaveney,95246644696,95246644696@mail.com,
95247044350,Moses,Johnston,95247044350,95247044350@mail.com,
95255224128,Frederic,Parmar,95255224128,95255224128@mail.com,
95280278367,Edd,Girdwood,95280278367,95280278367@mail.com,
95284412570,Authur,Kendall,95284412570,95284412570@mail.com,
95285625782,Leitha,Cann,95285625782,95285625782@mail.com,
95316024705,John,Cochrane,95316024705,95316024705@mail.com,
95335845477,Roswell,Sneddon,95335845477,95335845477@mail.com,
95345028053,Bartholomew,Trueman,95345028053,95345028053@mail.com,
95367056776,Benjiman,Lonsdale,95367056776,95367056776@mail.com,
95371477570,Millard,Yeomans,95371477570,95371477570@mail.com,
95396052584,Abner,Martin,95396052584,95396052584@mail.com,
95428916956,Clayton,Durand,95428916956,95428916956@mail.com,
95439854487,Steven,Heaton,95439854487,95439854487@mail.com,
95455492549,Jeanette,Chantler,95455492549,95455492549@mail.com,
95461867063,Wilma,Packer,95461867063,95461867063@mail.com,
95462252442,Thad,Bean,95462252442,95462252442@mail.com,
95551402113,Cruz,Keith,95551402113,95551402113@mail.com,
95580298373,Gustav,Churchill,95580298373,95580298373@mail.com,
95587484076,Isiah,Bray,95587484076,95587484076@mail.com,
95597462685,Virginia,Bradshaw,95597462685,95597462685@mail.com,
95651833441,Clarissa,Hawkins,95651833441,95651833441@mail.com,
95681021643,Cassius,Broadhurst,95681021643,95681021643@mail.com,
95691264502,Shelby,Beale,95691264502,95691264502@mail.com,
95705096741,Jones,Reed,95705096741,95705096741@mail.com,
95719095405,Luis,Westwood,95719095405,95719095405@mail.com,
95769258039,Casper,Randle,95769258039,95769258039@mail.com,
95840260913,Enoch,Fawcett,95840260913,95840260913@mail.com,
95910833251,Ervin,Leck,95910833251,95910833251@mail.com,
95948208837,Rice,Gauntlett,95948208837,95948208837@mail.com,
95960490812,Ola,Knuckles,95960490812,95960490812@mail.com,
95967299282,Bryant,Curran,95967299282,95967299282@mail.com,
95977486882,Patty,Widdowson,95977486882,95977486882@mail.com,
95984891370,Caleb,Elfman,95984891370,95984891370@mail.com,
96001200200,Jimmie,Tempest,96001200200,96001200200@mail.com,
96011068598,Burl,Milward,96011068598,96011068598@mail.com,
96044686516,Isham,Dreyer,96044686516,96044686516@mail.com,
96086611120,Budd,Ralston,96086611120,96086611120@mail.com,
96107632081,Dellar,Johannson,96107632081,96107632081@mail.com,
96112046549,Myrtle,Garratt,96112046549,96112046549@mail.com,
96113675098,Melissa,Corr,96113675098,96113675098@mail.com,
96125251560,Salomon,Coll,96125251560,96125251560@mail.com,
96156661879,Elton,Wolstencroft,96156661879,96156661879@mail.com,
96177237132,Jack,Marr,96177237132,96177237132@mail.com,
96182038834,Carrie,Timney,96182038834,96182038834@mail.com,
96182097682,Abraham,Skelly,96182097682,96182097682@mail.com,
96196039010,Della,Walls,96196039010,96196039010@mail.com,
96216878049,Alvina,Jems,96216878049,96216878049@mail.com,
96226434901,Malcolm,Kilner,96226434901,96226434901@mail.com,
96233498144,Chester,Fricker,96233498144,96233498144@mail.com,
96261413822,Nathaniel,Batten,96261413822,96261413822@mail.com,
96276858704,Elisabeth,Marshall,96276858704,96276858704@mail.com,
96281293008,Joe,Rhodes,96281293008,96281293008@mail.com,
96283479626,Crockett,Oxby,96283479626,96283479626@mail.com,
96299482161,Manerva,Vyner,96299482161,96299482161@mail.com,
96304607874,Elam,Ianson,96304607874,96304607874@mail.com,
96307085831,Isaiah,Whittingham,96307085831,96307085831@mail.com,
96307688318,Alva,Ellingham,96307688318,96307688318@mail.com,
96348487779,Martina,Nolan,96348487779,96348487779@mail.com,
96357641894,Mal,Bond,96357641894,96357641894@mail.com,
96361624207,Otha,Crump,96361624207,96361624207@mail.com,
96366654629,Mike,Crowley,96366654629,96366654629@mail.com,
96382272047,Liza,Oldfield,96382272047,96382272047@mail.com,
96426004340,Quincy,Alexander,96426004340,96426004340@mail.com,
96427628366,Alla,Aston,96427628366,96427628366@mail.com,
96461098426,Emanuel,Lane,96461098426,96461098426@mail.com,
96464348816,Betty,Swift,96464348816,96464348816@mail.com,
96472228270,Butler,Holloway,96472228270,96472228270@mail.com,
96491807964,Dallas,Trew,96491807964,96491807964@mail.com,
96528206820,Maybelle,Stott,96528206820,96528206820@mail.com,
96532671112,Johnnie,Addison,96532671112,96532671112@mail.com,
96536436264,Bird,Denham,96536436264,96536436264@mail.com,
96573282704,Cal,Sandison,96573282704,96573282704@mail.com,
96651032612,Erie,Perks,96651032612,96651032612@mail.com,
96675430188,Irena,Mcintyre,96675430188,96675430188@mail.com,
96685805978,Augustine,Lamb,96685805978,96685805978@mail.com,
96694034400,Alexander,Devonport,96694034400,96694034400@mail.com,
96731424398,Flossie,Broomfield,96731424398,96731424398@mail.com,
96756499538,Merle,Everill,96756499538,96756499538@mail.com,
96758095554,Bill,Gulley,96758095554,96758095554@mail.com,
96801824994,Bella,Healy,96801824994,96801824994@mail.com,
96812458660,Jenny,Mcdermott,96812458660,96812458660@mail.com,
96843076767,Frances,Nandi,96843076767,96843076767@mail.com,
96848857649,Kirk,Slade,96848857649,96848857649@mail.com,
96854048526,Isaac,Jackson,96854048526,96854048526@mail.com,
96861070177,Rosie,Mitchell,96861070177,96861070177@mail.com,
96867230884,Wong,Tailor,96867230884,96867230884@mail.com,
96920240276,Ishmael,Barber,96920240276,96920240276@mail.com,
96929075859,Anson,Godden,96929075859,96929075859@mail.com,
96936238048,Imogene,Gibbins,96936238048,96936238048@mail.com,
96946676047,Hamilton,Snowdon,96946676047,96946676047@mail.com,
96982070880,Lee,Vallins,96982070880,96982070880@mail.com,
97018068488,Tyler,Binnington,97018068488,97018068488@mail.com,
97020008264,Margret,Howard,97020008264,97020008264@mail.com,
97022804400,Ottilie,Nickel,97022804400,97022804400@mail.com,
97031098269,Bertie,Smart,97031098269,97031098269@mail.com,
97099246895,Alois,Yarlett,97099246895,97099246895@mail.com,
97112012863,Clarence,Ashman,97112012863,97112012863@mail.com,
97114859177,Jake,Keeley,97114859177,97114859177@mail.com,
97116263928,Barbara,Oakton,97116263928,97116263928@mail.com,
97120635438,Anastasia,Davidson,97120635438,97120635438@mail.com,
97136397206,Richmond,Chelmy,97136397206,97136397206@mail.com,
97200097460,Ina,Eltis,97200097460,97200097460@mail.com,
97209602476,Letha,Rugg,97209602476,97209602476@mail.com,
97231812521,Aurelia,Kirkland,97231812521,97231812521@mail.com,
97236268817,Jose,Bainbridge,97236268817,97236268817@mail.com,
97237408821,Sibyl,Homer,97237408821,97237408821@mail.com,
97258079295,Elzie,Brady,97258079295,97258079295@mail.com,
97261660405,Emil,Emberson,97261660405,97261660405@mail.com,
97308462014,Linnie,Stark,97308462014,97308462014@mail.com,
97318037809,Docia,Tompkin,97318037809,97318037809@mail.com,
97358836792,Monroe,Stainton,97358836792,97358836792@mail.com,
97368649291,Jesse,Miller,97368649291,97368649291@mail.com,
97396865618,Isabella,Sherriff,97396865618,97396865618@mail.com,
97404810883,Candido,Davie,97404810883,97404810883@mail.com,
97407436624,Ford,Underdown,97407436624,97407436624@mail.com,
97422601695,Elie,Parker,97422601695,97422601695@mail.com,
97468800111,Lilly,Rackham,97468800111,97468800111@mail.com,
97487059301,Earle,Loat,97487059301,97487059301@mail.com,
97494504056,Theo,Galliford,97494504056,97494504056@mail.com,
97513879892,Isabelle,Eyles,97513879892,97513879892@mail.com,
97539677363,Leota,Yusuf,97539677363,97539677363@mail.com,
97541093663,Lavina,Daniells,97541093663,97541093663@mail.com,
97567214947,Sybilla,Robertson,97567214947,97567214947@mail.com,
97587647470,Merle,Orvis,97587647470,97587647470@mail.com,
97594694023,Melvina,Needham,97594694023,97594694023@mail.com,
97630890320,Hollie,Dardenne,97630890320,97630890320@mail.com,
97632085045,Melville,Webber,97632085045,97632085045@mail.com,
97651264409,Rae,Giles,97651264409,97651264409@mail.com,
97677086059,Zelda,Rowley,97677086059,97677086059@mail.com,
97733005915,Jessie,Sisson,97733005915,97733005915@mail.com,
97757664995,Ellar,Adamson,97757664995,97757664995@mail.com,
97761289745,Mart,Thurman,97761289745,97761289745@mail.com,
97766026036,Winfred,Nugent,97766026036,97766026036@mail.com,
97768201750,Lillie,Gunter,97768201750,97768201750@mail.com,
97838681799,Mame,Burns,97838681799,97838681799@mail.com,
97846270543,Oma,Kenworthy,97846270543,97846270543@mail.com,
97853242747,Carra,Amner,97853242747,97853242747@mail.com,
97876654993,Jackson,Okey,97876654993,97876654993@mail.com,
97933242093,Floyd,Linsby,97933242093,97933242093@mail.com,
97934636985,Maudie,Jewitt,97934636985,97934636985@mail.com,
97947416791,Julious,Kingscott,97947416791,97947416791@mail.com,
97949613157,Amos,Hickey,97949613157,97949613157@mail.com,
97954659158,Madie,Levy,97954659158,97954659158@mail.com,
98006656449,Wilford,Evenden,98006656449,98006656449@mail.com,
98047842326,Paralee,Jenner,98047842326,98047842326@mail.com,
98083043966,Loretta,Le tissier,98083043966,98083043966@mail.com,
98089029940,Claude,Daley,98089029940,98089029940@mail.com,
98089653855,Georgianna,Prime,98089653855,98089653855@mail.com,
98190627526,Delilah,Packard,98190627526,98190627526@mail.com,
98236826730,Lydia,Morrow,98236826730,98236826730@mail.com,
98251429182,Selma,Childs,98251429182,98251429182@mail.com,
98251855547,Oran,Forester,98251855547,98251855547@mail.com,
98261824883,Nona,Jordan,98261824883,98261824883@mail.com,
98266292218,Duncan,Benson,98266292218,98266292218@mail.com,
98276864958,Bernard,Dallas,98276864958,98276864958@mail.com,
98287227793,Max,Bailey,98287227793,98287227793@mail.com,
98347471842,Tobias,Brock,98347471842,98347471842@mail.com,
98355225523,Lola,Friend,98355225523,98355225523@mail.com,
98370461979,Daisy,Fullerton,98370461979,98370461979@mail.com,
98385282213,Cecil,Wilkinson,98385282213,98385282213@mail.com,
98406160630,Joshua,Stoppard,98406160630,98406160630@mail.com,
98421022838,Hillard,Marriott,98421022838,98421022838@mail.com,
98435647437,Rosa,Owens,98435647437,98435647437@mail.com,
98504652923,Manuela,Broadbent,98504652923,98504652923@mail.com,
98505424340,Cary,Neaverson,98505424340,98505424340@mail.com,
98513038818,Archibald,Matthams,98513038818,98513038818@mail.com,
98517465171,Alex,Barrett,98517465171,98517465171@mail.com,
98566078178,Dolores,Fitch,98566078178,98566078178@mail.com,
98571079087,Sylvester,Tollis,98571079087,98571079087@mail.com,
98585219189,Jennie,Worthington,98585219189,98585219189@mail.com,
98600795997,Nathanial,Sunderland,98600795997,98600795997@mail.com,
98608463629,Bob,Poon,98608463629,98608463629@mail.com,
98641291409,Lela,Elphick,98641291409,98641291409@mail.com,
98643428561,Abbott,Cove,98643428561,98643428561@mail.com,
98658010126,Charles,Chadwick,98658010126,98658010126@mail.com,
98659854548,Lyda,Stevenson,98659854548,98659854548@mail.com,
98667265723,Rupert,Jonas,98667265723,98667265723@mail.com,
98671677123,Albertine,Everdell,98671677123,98671677123@mail.com,
98702036006,Carleton,Whalley,98702036006,98702036006@mail.com,
98717675389,Hayes,Mccall,98717675389,98717675389@mail.com,
98718867857,Ralph,Price,98718867857,98718867857@mail.com,
98772817587,Charlotte,Tidmarsh,98772817587,98772817587@mail.com,
98787491747,Emma,Dexter,98787491747,98787491747@mail.com,
98792321725,Nellie,Ferns,98792321725,98792321725@mail.com,
98830638069,Harriett,Casey,98830638069,98830638069@mail.com,
98836652921,Seth,Barnard,98836652921,98836652921@mail.com,
98863631588,Tilmon,Thurgood,98863631588,98863631588@mail.com,
98884205550,Ole,Glew,98884205550,98884205550@mail.com,
98897298013,Sylvanus,Head,98897298013,98897298013@mail.com,
98971441242,Justin,Ridge,98971441242,98971441242@mail.com,
98974621966,Wash,Coward,98974621966,98974621966@mail.com,
98978097759,Rollin,Ibbotson,98978097759,98978097759@mail.com,
98990277242,Edward,Vollans,98990277242,98990277242@mail.com,
98994038365,Lue,Florey,98994038365,98994038365@mail.com,
98994836898,Otho,Tellis,98994836898,98994836898@mail.com,
99010472414,Lem,Levine,99010472414,99010472414@mail.com,
99027426788,Alda,Rosso,99027426788,99027426788@mail.com,
99038061300,Murdock,Rollinson,99038061300,99038061300@mail.com,
99053469191,Celestia,Mckenna,99053469191,99053469191@mail.com,
99065491332,Eddie,Mcculloch,99065491332,99065491332@mail.com,
99070661550,Beverly,Newington,99070661550,99070661550@mail.com,
99091001111,Bertha,Treseder,99091001111,99091001111@mail.com,
99105087991,Young,Tapscott,99105087991,99105087991@mail.com,
99105602188,Wm,Mcintosh,99105602188,99105602188@mail.com,
99119033975,Payton,Hewlett,99119033975,99119033975@mail.com,
99123260448,Pete,Lyon,99123260448,99123260448@mail.com,
99143270102,Norah,Sanderson,99143270102,99143270102@mail.com,
99145236645,Isam,Larsen,99145236645,99145236645@mail.com,
99164284542,Garry,Frazer,99164284542,99164284542@mail.com,
99165699395,Elvira,Earle,99165699395,99165699395@mail.com,
99221052310,Arvilla,Pailing,99221052310,99221052310@mail.com,
99239694374,Dora,Doran,99239694374,99239694374@mail.com,
99242637535,Leonora,Kent,99242637535,99242637535@mail.com,
99253623902,Ulysses,Bickley,99253623902,99253623902@mail.com,
99274066162,Christina,Dunford,99274066162,99274066162@mail.com,
99329867987,Belle,Heron,99329867987,99329867987@mail.com,
99357630726,Odelia,Deegan,99357630726,99357630726@mail.com,
99372461176,Herbert,Overson,99372461176,99372461176@mail.com,
99388435555,Zella,Henderson,99388435555,99388435555@mail.com,
99400682376,Alida,Waghorn,99400682376,99400682376@mail.com,
99404821915,Wylie,Forster,99404821915,99404821915@mail.com,
99425417747,Israel,Knab,99425417747,99425417747@mail.com,
99458670834,Selena,Cripps,99458670834,99458670834@mail.com,
99482657579,Elmore,Vine,99482657579,99482657579@mail.com,
99486875748,Starling,Johnstone,99486875748,99486875748@mail.com,
99499220879,Abby,Kelsey,99499220879,99499220879@mail.com,
99509001061,Manda,Bostock,99509001061,99509001061@mail.com,
99526850029,Clarice,Warwick,99526850029,99526850029@mail.com,
99529269665,Ab,Tuck,99529269665,99529269665@mail.com,
99536628101,Rubin,Hegney,99536628101,99536628101@mail.com,
99543242044,Rosina,Yang,99543242044,99543242044@mail.com,
99564076279,Lavonia,Ayres,99564076279,99564076279@mail.com,
99582889867,Santos,Deighton,99582889867,99582889867@mail.com,
99586845926,Ossie,Lovelock,99586845926,99586845926@mail.com,
99587422585,Annie,Clifford,99587422585,99587422585@mail.com,
99637277841,Dorcas,Fontaine,99637277841,99637277841@mail.com,
99677262105,Elmo,Moss,99677262105,99677262105@mail.com,
99678867670,Enrique,Goodridge,99678867670,99678867670@mail.com,
99680285299,Jeannette,Tomlinson,99680285299,99680285299@mail.com,
99681895824,Preston,Beamish,99681895824,99681895824@mail.com,
99685441683,Harris,Jeffery,99685441683,99685441683@mail.com,
99686597204,Rosalia,Cosgrove,99686597204,99686597204@mail.com,
80450260926,Ottilia,Nielsen,80450260926,80450260926@mail.com,0.0
80457280438,Len,Bridges,80457280438,80457280438@mail.com,0.0
80482253156,Perry,Raven,80482253156,80482253156@mail.com,0.0
80485609383,Verne,Mcelroy,80485609383,80485609383@mail.com,0.0
80493853592,Hollie,Wileman,80493853592,80493853592@mail.com,0.0
80508879862,Barton,Dymond,80508879862,80508879862@mail.com,0.0
80568682825,Rafe,Mooney,80568682825,80568682825@mail.com,0.0
80583680594,Perley,Rodger,80583680594,80583680594@mail.com,0.0
80586060924,Joseph,Wicks,80586060924,80586060924@mail.com,0.0
80591467965,Beryl,Verdon,80591467965,80591467965@mail.com,0.0
80595857317,Dewitt,Underwood,80595857317,80595857317@mail.com,0.0
80628487120,Jesse,Robotham,80628487120,80628487120@mail.com,0.0
80628556046,Ina,Sullivan,80628556046,80628556046@mail.com,0.0
80647201766,Docia,Bond,80647201766,80647201766@mail.com,0.0
80660070111,Benjiman,Leslie,80660070111,80660070111@mail.com,0.0
80660474467,Robert,Goodall,80660474467,80660474467@mail.com,0.0
80677402522,Tressie,Forsyth,80677402522,80677402522@mail.com,0.0
80708210925,Carey,Raymond,80708210925,80708210925@mail.com,0.0
80743890690,Ezra,Dykes,80743890690,80743890690@mail.com,0.0
80752875477,Jewel,Nessbert,80752875477,80752875477@mail.com,0.0
80767276504,Jeff,Redding,80767276504,80767276504@mail.com,0.0
80772472700,Elie,Fishlock,80772472700,80772472700@mail.com,0.0
80782698840,Orla,Millett,80782698840,80782698840@mail.com,0.0
80784099888,Emanuel,Good,80784099888,80784099888@mail.com,0.0
80796641295,Mertie,Cox,80796641295,80796641295@mail.com,0.0
80803079353,Edmund,Tudor,80803079353,80803079353@mail.com,0.0
80810453531,Verna,Kerridge,80810453531,80810453531@mail.com,0.0
80843296636,Sammie,Chatterton,80843296636,80843296636@mail.com,0.0
80855871855,Paul,Fahy,80855871855,80855871855@mail.com,0.0
80867047655,Hayden,Farr,80867047655,80867047655@mail.com,0.0
80876897271,Douglas,Water,80876897271,80876897271@mail.com,0.0
80877280939,Augustus,Otton,80877280939,80877280939@mail.com,0.0
80881434932,Doshia,Plummer,80881434932,80881434932@mail.com,0.0
80883876398,Armand,Goddard,80883876398,80883876398@mail.com,0.0
80886832613,Judy,Helley,80886832613,80886832613@mail.com,0.0
80886898485,Walter,Kearton,80886898485,80886898485@mail.com,0.0
80894801899,Celia,Hurley,80894801899,80894801899@mail.com,0.0
80905038121,Anna,Vicens,80905038121,80905038121@mail.com,0.0
80921281236,Jay,Blackmore,80921281236,80921281236@mail.com,0.0
80921460620,Lorenzo,Turnbull,80921460620,80921460620@mail.com,0.0
80929041084,Minervia,Fitch,80929041084,80929041084@mail.com,0.0
80947298595,Shirley,Oakes,80947298595,80947298595@mail.com,0.0
80949441217,Grace,Essan,80949441217,80949441217@mail.com,0.0
80952411707,Clint,Rothwell,80952411707,80952411707@mail.com,0.0
80975056844,Jose,Moriarty,80975056844,80975056844@mail.com,0.0
80978610208,Blas,Burton,80978610208,80978610208@mail.com,0.0
81020848219,Alma,Paterson,81020848219,81020848219@mail.com,0.0
81029213829,Amos,Waterman,81029213829,81029213829@mail.com,0.0
81033883344,Addison,Butterworth,81033883344,81033883344@mail.com,0.0
81053030825,Angela,Ventura,81053030825,81053030825@mail.com,0.0
81109018140,Elias,Higginson,81109018140,81109018140@mail.com,0.0
81110232087,Hans,Morley,81110232087,81110232087@mail.com,0.0
81134214636,Classie,Bowden,81134214636,81134214636@mail.com,0.0
81134885031,Bennie,Freedman,81134885031,81134885031@mail.com,0.0
81139228846,Melinda,Davis,81139228846,81139228846@mail.com,0.0
81147216110,Cecile,Jennson,81147216110,81147216110@mail.com,0.0
81152136630,Katherine,Pitcher,81152136630,81152136630@mail.com,0.0
81165241950,Volney,Cadman,81165241950,81165241950@mail.com,0.0
81165254938,Elliot,Sexton,81165254938,81165254938@mail.com,0.0
81178471986,Algie,Glenn,81178471986,81178471986@mail.com,0.0
81212629258,Tressa,Nugent,81212629258,81212629258@mail.com,0.0
81221229107,Caleb,Ruff,81221229107,81221229107@mail.com,0.0
81223080982,Eliseo,Painter,81223080982,81223080982@mail.com,0.0
81236482255,Florence,Lawler,81236482255,81236482255@mail.com,0.0
81263641502,Adline,Tweddle,81263641502,81263641502@mail.com,0.0
81301274967,Oswald,Stanley,81301274967,81301274967@mail.com,0.0
81304605460,Josie,Gillies,81304605460,81304605460@mail.com,0.0
81305061003,Leander,Newsham,81305061003,81305061003@mail.com,0.0
81340805251,Early,Nason,81340805251,81340805251@mail.com,0.0
81418269804,Hershel,Ranks,81418269804,81418269804@mail.com,0.0
81432636376,Elinor,Cawley,81432636376,81432636376@mail.com,0.0
81439867216,Hillard,Lennard,81439867216,81439867216@mail.com,0.0
81443628640,Vada,Trott,81443628640,81443628640@mail.com,0.0
81444412399,Randall,Fearnley,81444412399,81444412399@mail.com,0.0
81445699319,Lynn,Conrad,81445699319,81445699319@mail.com,0.0
81464453681,Newton,Fabb,81464453681,81464453681@mail.com,0.0
81470008319,Queen,Jerome,81470008319,81470008319@mail.com,0.0
81488811587,Albina,Gresham,81488811587,81488811587@mail.com,0.0
81522018172,Alma,Rhoades,81522018172,81522018172@mail.com,0.0
81558468392,Lular,Wakefield,81558468392,81558468392@mail.com,0.0
81589073495,Phillip,Watters,81589073495,81589073495@mail.com,0.0
81605075946,Ocie,Eglan,81605075946,81605075946@mail.com,0.0
81613820453,Andre,Turrell,81613820453,81613820453@mail.com,0.0
81616561090,Ivan,Sallis,81616561090,81616561090@mail.com,0.0
81661667065,Emmet,Sherwood,81661667065,81661667065@mail.com,0.0
81670098300,Loma,Stedman,81670098300,81670098300@mail.com,0.0
81677429122,Michel,Kitching,81677429122,81677429122@mail.com,0.0
81682973366,Marietta,Howden,81682973366,81682973366@mail.com,0.0
81683401588,Bud,Eames,81683401588,81683401588@mail.com,0.0
81683652031,Addie,Sheldon,81683652031,81683652031@mail.com,0.0
81702460328,Etha,Fearn,81702460328,81702460328@mail.com,0.0
81730408154,Carolyn,Aspey,81730408154,81730408154@mail.com,0.0
81753297907,Anna,Turton,81753297907,81753297907@mail.com,0.0
81762663993,Flora,Ewles,81762663993,81762663993@mail.com,0.0
81765414852,Redden,Ayling,81765414852,81765414852@mail.com,0.0
81844478770,Emmer,Cronin,81844478770,81844478770@mail.com,0.0
81860024852,Percival,Karne,81860024852,81860024852@mail.com,0.0
81867875427,Hudson,Orritt,81867875427,81867875427@mail.com,0.0
81876448786,Corine,Forman,81876448786,81876448786@mail.com,0.0
81885420178,Olen,Jeffrey,81885420178,81885420178@mail.com,0.0
