TC_No,Isim,Soyisim,Tel_no,E_posta
90595699693,Lafayette,Allan,90595699693,90595699693@mail.com
90620793339,Christian,Jessop,90620793339,90620793339@mail.com
90640016930,Rebecca,Mohamed,90640016930,90640016930@mail.com
90643608404,Paulina,Anderton,90643608404,90643608404@mail.com
90652273686,Wilda,Kerrighen,90652273686,90652273686@mail.com
90699456980,Golda,Southgate,90699456980,90699456980@mail.com
90701654680,Susan,Eley,90701654680,90701654680@mail.com
90701655266,Merrill,Arkins,90701655266,90701655266@mail.com
90710698329,Beverly,Tell,90710698329,90710698329@mail.com
90721898976,Tim,Dardenne,90721898976,90721898976@mail.com
90722932605,Forest,Freeth,90722932605,90722932605@mail.com
90751684938,Bishop,Mason,90751684938,90751684938@mail.com
90756086097,Amalia,Neilsen,90756086097,90756086097@mail.com
90764975972,Zona,Pereira,90764975972,90764975972@mail.com
90776022022,Aurthur,Donoghue,90776022022,90776022022@mail.com
90779205471,Elisa,Osborne,90779205471,90779205471@mail.com
90786654467,Sibyl,Reader,90786654467,90786654467@mail.com
90793024789,Arther,Yorke,90793024789,90793024789@mail.com
90820049490,Enos,Horton,90820049490,90820049490@mail.com
90827871180,Hyrum,Newcombe,90827871180,90827871180@mail.com
90834482502,Molly,Ropple,90834482502,90834482502@mail.com
90840696953,Delbert,Kettlewell,90840696953,90840696953@mail.com
90856053697,Bonnie,Luttrell,90856053697,90856053697@mail.com
90862843210,Joseph,Cowell,90862843210,90862843210@mail.com
90894424766,Calvin,Norgrove,90894424766,90894424766@mail.com
90931805280,Lavonia,Ramsden,90931805280,90931805280@mail.com
90932013051,Gena,Thomson,90932013051,90932013051@mail.com
90952861644,Myron,Bostock,90952861644,90952861644@mail.com
90966804751,Winona,Reading,90966804751,90966804751@mail.com
91000860039,Oda,Pavot,91000860039,91000860039@mail.com
91006630557,Vera,Leadley,91006630557,91006630557@mail.com
91009645783,Fay,Brock,91009645783,91009645783@mail.com
91022218489,Clyde,Brookes,91022218489,91022218489@mail.com
91098235678,Elmira,Astbury,91098235678,91098235678@mail.com
91115457476,Oral,Davenport,91115457476,91115457476@mail.com
91118609653,Stanley,Callow,91118609653,91118609653@mail.com
91131496072,Samuel,Ottey,91131496072,91131496072@mail.com
91150495615,Cyril,Ayres,91150495615,91150495615@mail.com
91156066140,Verdie,Kurray,91156066140,91156066140@mail.com
91180246261,Davis,Greening,91180246261,91180246261@mail.com
91205277673,Hilda,Egleton,91205277673,91205277673@mail.com
91206260751,Early,Irving,91206260751,91206260751@mail.com
91227216082,Foster,Ling,91227216082,91227216082@mail.com
91228469870,Lucie,Johnson,91228469870,91228469870@mail.com
91236836179,Edie,Nandi,91236836179,91236836179@mail.com
91244061987,Boston,Foxall,91244061987,91244061987@mail.com
91244892076,Edgar,Ruff,91244892076,91244892076@mail.com
91245450772,Lindsay,Coomber,91245450772,91245450772@mail.com
91278265778,Granville,Doherty,91278265778,91278265778@mail.com
91286877925,Carey,Bedford,91286877925,91286877925@mail.com
91373840447,Reuben,Gates,91373840447,91373840447@mail.com
91381057074,Squire,Jermy,91381057074,91381057074@mail.com
91384006011,Paralee,Eggby,91384006011,91384006011@mail.com
91391091027,Jonah,Askew,91391091027,91391091027@mail.com
91399000209,Netta,Avery,91399000209,91399000209@mail.com
91424052223,Wayne,Noyes,91424052223,91424052223@mail.com
91425630901,Dempsey,Darcy,91425630901,91425630901@mail.com
91456684339,Juana,Stoppard,91456684339,91456684339@mail.com
91462676661,Emelia,Whitby,91462676661,91462676661@mail.com
91464259071,Alida,Stokoe,91464259071,91464259071@mail.com
91542986683,Sudie,Corrigan,91542986683,91542986683@mail.com
91586068286,Nannie,Dyerson,91586068286,91586068286@mail.com
91647679534,Beulah,Armour,91647679534,91647679534@mail.com
91672600859,Ira,Beattie,91672600859,91672600859@mail.com
91693851587,Huldah,Jeffrey,91693851587,91693851587@mail.com
91733035755,Hampton,Line,91733035755,91733035755@mail.com
91772497003,Edmonia,Collingwood,91772497003,91772497003@mail.com
91796402260,Malcolm,Richman,91796402260,91796402260@mail.com
91829614203,Wilma,Voyse,91829614203,91829614203@mail.com
91838856309,Harris,Parrott,91838856309,91838856309@mail.com
91851020737,Wilbur,Emmerson,91851020737,91851020737@mail.com
91859029877,Lonnie,Jackson,91859029877,91859029877@mail.com
91874429509,Dorcas,Tatlock,91874429509,91874429509@mail.com
91881035947,Percival,Keilty,91881035947,91881035947@mail.com
91885835721,Mark,Vine,91885835721,91885835721@mail.com
91888436409,Alexander,Goddard,91888436409,91888436409@mail.com
91896018075,Lorene,Slocombe,91896018075,91896018075@mail.com
91911236360,Frances,Crosby,91911236360,91911236360@mail.com
91913893911,Mason,Willis,91913893911,91913893911@mail.com
91927218277,Melva,Tansley,91927218277,91927218277@mail.com
91936843653,Manley,Edeson,91936843653,91936843653@mail.com
91959282857,Mollie,Frampton,91959282857,91959282857@mail.com
91963607669,Cullen,Crowley,91963607669,91963607669@mail.com
91968251267,Davie,Wickham,91968251267,91968251267@mail.com
91984287190,Ulysses,Halliday,91984287190,91984287190@mail.com
92011241597,Gracie,Perowne,92011241597,92011241597@mail.com
92012636230,Cruz,Kilb,92012636230,92012636230@mail.com
92018602565,Larkin,Ullmann,92018602565,92018602565@mail.com
92021217639,Don,Prentice,92021217639,92021217639@mail.com
92058663112,Titus,Lilley,92058663112,92058663112@mail.com
92077694931,Alvina,Florey,92077694931,92077694931@mail.com
92078688045,Aline,Hatch,92078688045,92078688045@mail.com
92086241417,Camille,Yates,92086241417,92086241417@mail.com
92100492390,Jewell,Steward,92100492390,92100492390@mail.com
92119847836,Ollie,Davie,92119847836,92119847836@mail.com
92136055671,Abner,Mcfadden,92136055671,92136055671@mail.com
92140421712,Crockett,Hume,92140421712,92140421712@mail.com
92140833942,Adelle,Shakespeare,92140833942,92140833942@mail.com
92142465889,Harriet,Tilley,92142465889,92142465889@mail.com
92147671701,Orville,Rayner,92147671701,92147671701@mail.com
92165445453,Johnie,Ellwood,92165445453,92165445453@mail.com
92167262921,Alphonse,Shearer,92167262921,92167262921@mail.com
92177215664,Woodie,Mccabe,92177215664,92177215664@mail.com
92196094727,Adolphus,Neilson,92196094727,92196094727@mail.com
92197866457,Hunter,Lennard,92197866457,92197866457@mail.com
92216000895,Emma,Grogan,92216000895,92216000895@mail.com
92245643809,Wade,Coburn,92245643809,92245643809@mail.com
92307212289,Agnes,Thomas,92307212289,92307212289@mail.com
92315239803,Montgomery,Cosgrove,92315239803,92315239803@mail.com
92358829118,Lucille,North,92358829118,92358829118@mail.com
92359205885,Alton,Turnham,92359205885,92359205885@mail.com
92377490739,Gee,Hawkes,92377490739,92377490739@mail.com
92383059742,Bess,Twine,92383059742,92383059742@mail.com
92391687013,Leroy,Alliott,92391687013,92391687013@mail.com
92402016909,Cordelia,Mills,92402016909,92402016909@mail.com
92414029099,Baldwin,Roles,92414029099,92414029099@mail.com
92470463010,Stacy,Ashe,92470463010,92470463010@mail.com
92494237247,Gwendolyn,Kenworthy,92494237247,92494237247@mail.com
92495010189,Arlington,Timmins,92495010189,92495010189@mail.com
92495805212,Essie,Jewkes,92495805212,92495805212@mail.com
92512605283,Bert,Hewlett,92512605283,92512605283@mail.com
92530620382,Hettie,Mcguinness,92530620382,92530620382@mail.com
92550174527,Miles,Flack,92550174527,92550174527@mail.com
92552836835,Lois,Welton,92552836835,92552836835@mail.com
92555041337,Ethel,Fosse,92555041337,92555041337@mail.com
92561492777,Isadora,Thornhill,92561492777,92561492777@mail.com
92566842522,Zachariah,Carty,92566842522,92566842522@mail.com
92576400775,Ruben,Vikers,92576400775,92576400775@mail.com
92577076671,Charlotta,Drysdale,92577076671,92577076671@mail.com
92597248780,Creola,Eggleston,92597248780,92597248780@mail.com
92632182058,Johnnie,Wears,92632182058,92632182058@mail.com
92638842607,Alberta,Lawton,92638842607,92638842607@mail.com
92659663854,Ransom,Keys,92659663854,92659663854@mail.com
92665685335,Oran,Mcloughlin,92665685335,92665685335@mail.com
92673699438,Adolph,Allport,92673699438,92673699438@mail.com
92680863298,Anne,Parkes,92680863298,92680863298@mail.com
92684038776,Ernest,Nielson,92684038776,92684038776@mail.com
92716881248,Juan,Orchard,92716881248,92716881248@mail.com
92736476060,Columbus,Kettell,92736476060,92736476060@mail.com
92805060409,Charley,Eyres,92805060409,92805060409@mail.com
92814762041,Lincoln,Knigge,92814762041,92814762041@mail.com
92871088556,Cal,Hadfield,92871088556,92871088556@mail.com
92875845586,Elvin,Lacy,92875845586,92875845586@mail.com
92881401617,Jean,Wyer,92881401617,92881401617@mail.com
92917063898,Sanford,Russel,92917063898,92917063898@mail.com
92941048567,Marietta,Larsen,92941048567,92941048567@mail.com
92941472409,Mame,Tappin,92941472409,92941472409@mail.com
92964617311,Hannah,Rolfe,92964617311,92964617311@mail.com
92973600226,Georgina,Mullins,92973600226,92973600226@mail.com
93169264199,Basil,Willetts,93169264199,93169264199@mail.com
93172254786,Albion,Cockle,93172254786,93172254786@mail.com
93173082262,Lucien,Lawrie,93173082262,93173082262@mail.com
93211045360,Texas,Brunet,93211045360,93211045360@mail.com
93265604844,Linna,Ealham,93265604844,93265604844@mail.com
93272810884,August,Rodwell,93272810884,93272810884@mail.com
93275465795,Owen,Kingston,93275465795,93275465795@mail.com
93287092042,Flora,Lynch,93287092042,93287092042@mail.com
93311264238,Garry,Otten,93311264238,93311264238@mail.com
93349247061,Robbie,Wilcox,93349247061,93349247061@mail.com
93362608417,Handy,Kill,93362608417,93362608417@mail.com
93425484544,Bernard,Snowdon,93425484544,93425484544@mail.com
93425651583,Sena,Hull,93425651583,93425651583@mail.com
93430440626,Roena,Parry,93430440626,93430440626@mail.com
93438276727,Conrad,Inson,93438276727,93438276727@mail.com
93444899585,Phoebe,Curley,93444899585,93444899585@mail.com
93453658663,Madie,Ayton,93453658663,93453658663@mail.com
93453826003,Eleanor,Goodridge,93453826003,93453826003@mail.com
93464647801,Blanche,Newton,93464647801,93464647801@mail.com
93481623501,Elva,Tilston,93481623501,93481623501@mail.com
93483669792,Guy,Roebuck,93483669792,93483669792@mail.com
93494568883,Orlando,Aves,93494568883,93494568883@mail.com
93499090601,Thelma,Innes,93499090601,93499090601@mail.com
93513636033,Minna,Newington,93513636033,93513636033@mail.com
93528031725,Lucinda,Parish,93528031725,93528031725@mail.com
93571014165,Emelie,Dalton,93571014165,93571014165@mail.com
93614225261,Ezra,Tully,93614225261,93614225261@mail.com
93632625560,Orval,Holgate,93632625560,93632625560@mail.com
93678829046,Rose,Fish,93678829046,93678829046@mail.com
93687054714,Junius,Jonas,93687054714,93687054714@mail.com
93714211311,Viola,Norsworthy,93714211311,93714211311@mail.com
93715295740,Magnolia,Reddy,93715295740,93715295740@mail.com
93730035818,Steven,Horne,93730035818,93730035818@mail.com
93752840201,Anna,Easen,93752840201,93752840201@mail.com
93774429844,Ceylon,Goodacre,93774429844,93774429844@mail.com
93800369324,Anna,Glasgow,93800369324,93800369324@mail.com
93823455702,Angus,Crowther,93823455702,93823455702@mail.com
93838202846,Len,Kruger,93838202846,93838202846@mail.com
93878650459,Edmund,Addis,93878650459,93878650459@mail.com
93884275335,Almira,Angus,93884275335,93884275335@mail.com
93962027198,Bird,Newbury,93962027198,93962027198@mail.com
93989239019,Ivah,Appleton,93989239019,93989239019@mail.com
94028720435,Viva,Galloway,94028720435,94028720435@mail.com
94084214223,Clark,Rice,94084214223,94084214223@mail.com
94084694004,Alvie,Bray,94084694004,94084694004@mail.com
94088402901,Terry,Cunningham,94088402901,94088402901@mail.com
94094143116,Daisie,Lawn,94094143116,94094143116@mail.com
94101858391,Author,Walters,94101858391,94101858391@mail.com
94197491641,Elton,Keelan,94197491641,94197491641@mail.com
94229091504,Priscilla,Potter,94229091504,94229091504@mail.com
94242296011,Lutie,Whitley,94242296011,94242296011@mail.com
94248209029,Eunice,Yeadon,94248209029,94248209029@mail.com
94254330736,Rube,Leckie,94254330736,94254330736@mail.com
94296250552,Cornelia,Prescott,94296250552,94296250552@mail.com
94322030214,Letitia,Astley,94322030214,94322030214@mail.com
94330028952,Allie,Forrest,94330028952,94330028952@mail.com
94349815619,Camilla,Turford,94349815619,94349815619@mail.com
94378214220,Carrie,Gillam,94378214220,94378214220@mail.com
94378679528,Anton,Warwick,94378679528,94378679528@mail.com
94380489095,Fannie,Kitson,94380489095,94380489095@mail.com
94388050968,Ednah,Lattimore,94388050968,94388050968@mail.com
94393449629,Bradley,Kitt,94393449629,94393449629@mail.com
94398417093,Webb,Frey,94398417093,94398417093@mail.com
94425222624,Taylor,Goff,94425222624,94425222624@mail.com
94448263734,Lenna,Raval,94448263734,94448263734@mail.com
94526846542,Caleb,Ellingham,94526846542,94526846542@mail.com
94532222148,Max,Wheeler,94532222148,94532222148@mail.com
94541434141,Eve,Floyd,94541434141,94541434141@mail.com
94546865106,Bell,Dingle,94546865106,94546865106@mail.com
94573651499,Sallie,Mcavoy,94573651499,94573651499@mail.com
94584231073,Ruby,Harrop,94584231073,94584231073@mail.com
94589481016,Guadalupe,Bernard,94589481016,94589481016@mail.com
94624482762,Uriah,Goodchild,94624482762,94624482762@mail.com
94627623200,Louvenia,Ludlow,94627623200,94627623200@mail.com
94629435275,Nels,Readle,94629435275,94629435275@mail.com
94671290746,Aurora,Davidson,94671290746,94671290746@mail.com
94681899519,India,Leek,94681899519,94681899519@mail.com
94703232954,Otis,Flynn,94703232954,94703232954@mail.com
94752255118,Elmo,Gillett,94752255118,94752255118@mail.com
94759070660,Alec,Warn,94759070660,94759070660@mail.com
94768479526,Hamilton,Hickman,94768479526,94768479526@mail.com
94773609137,Wash,Glencross,94773609137,94773609137@mail.com
94805030336,Worthy,Fenton,94805030336,94805030336@mail.com
94809655311,Stewart,Tyman,94809655311,94809655311@mail.com
94811446684,Evan,Childs,94811446684,94811446684@mail.com
94813241450,Gus,Jenkin,94813241450,94813241450@mail.com
94818261792,Melville,Grosvenor,94818261792,94818261792@mail.com
94828273369,Selma,Leedham,94828273369,94828273369@mail.com
94840848175,Ola,Drew,94840848175,94840848175@mail.com
94842276669,Lotta,Mccarthy,94842276669,94842276669@mail.com
94844280846,Tyler,Burke,94844280846,94844280846@mail.com
94848164615,Benjiman,Smullen,94848164615,94848164615@mail.com
94854929366,Dollie,Stock,94854929366,94854929366@mail.com
94891658820,Lura,Dempster,94891658820,94891658820@mail.com
94901012531,Ray,Christie,94901012531,94901012531@mail.com
94949282665,Kathryn,Bright,94949282665,94949282665@mail.com
94997039644,Maude,Odea,94997039644,94997039644@mail.com
95035258961,Una,Leonard,95035258961,95035258961@mail.com
95063672501,Morton,Donohoe,95063672501,95063672501@mail.com
95073480806,Elisha,Ashworth,95073480806,95073480806@mail.com
95079404746,Rolland,Lovey,95079404746,95079404746@mail.com
95120605804,Gustav,Aldred,95120605804,95120605804@mail.com
95144128483,Celia,Tollis,95144128483,95144128483@mail.com
95180813938,Spencer,Munro,95180813938,95180813938@mail.com
95188275408,Roderick,Sharkey,95188275408,95188275408@mail.com
95190167001,Angeline,Porter,95190167001,95190167001@mail.com
95205489838,Viney,Verdon,95205489838,95205489838@mail.com
95211011721,Christena,Lewins,95211011721,95211011721@mail.com
95246644696,Travis,Pritchard,95246644696,95246644696@mail.com
95247044350,Ivy,Gosden,95247044350,95247044350@mail.com
95255224128,Carlos,Donovan,95255224128,95255224128@mail.com
95280278367,Everett,Rollinson,95280278367,95280278367@mail.com
95284412570,Julia,Silcock,95284412570,95284412570@mail.com
95285625782,Pansy,Thoms,95285625782,95285625782@mail.com
95316024705,Carl,Yapp,95316024705,95316024705@mail.com
95335845477,Margeret,Tovey,95335845477,95335845477@mail.com
95345028053,Lettie,Frostick,95345028053,95345028053@mail.com
95367056776,Nova,Harley,95367056776,95367056776@mail.com
95371477570,Martha,Sumner,95371477570,95371477570@mail.com
95396052584,Madora,Roman,95396052584,95396052584@mail.com
95428916956,Betsy,Eadie,95428916956,95428916956@mail.com
95439854487,Sammie,Couch,95439854487,95439854487@mail.com
95455492549,Ned,Walshe,95455492549,95455492549@mail.com
95461867063,Jonas,Foran,95461867063,95461867063@mail.com
95462252442,Harvey,Chilvers,95462252442,95462252442@mail.com
95551402113,Tom,Harry,95551402113,95551402113@mail.com
95580298373,Eddie,Dove,95580298373,95580298373@mail.com
95587484076,Nancy,Venables,95587484076,95587484076@mail.com
95597462685,Wm,Winship,95597462685,95597462685@mail.com
95651833441,Katherine,Fountain,95651833441,95651833441@mail.com
95681021643,Tobe,Meredith,95681021643,95681021643@mail.com
95691264502,Louise,Ivory,95691264502,95691264502@mail.com
95705096741,Melissa,Stone,95705096741,95705096741@mail.com
95719095405,Arie,Warden,95719095405,95719095405@mail.com
95769258039,Hugo,Norton,95769258039,95769258039@mail.com
95840260913,Adela,Wang,95840260913,95840260913@mail.com
95910833251,Marjorie,Kromberg,95910833251,95910833251@mail.com
95948208837,General,Vinicombe,95948208837,95948208837@mail.com
95960490812,Simeon,Klam,95960490812,95960490812@mail.com
95967299282,Edward,Olley,95967299282,95967299282@mail.com
95977486882,Ike,Beamish,95977486882,95977486882@mail.com
95984891370,Solon,Lohan,95984891370,95984891370@mail.com
96001200200,Edgar,Millington,96001200200,96001200200@mail.com
96011068598,Jimmie,Jenkyns,96011068598,96011068598@mail.com
96044686516,Adeline,Elphick,96044686516,96044686516@mail.com
96086611120,Wilmer,Felix,96086611120,96086611120@mail.com
96107632081,Ella,Lathan,96107632081,96107632081@mail.com
96112046549,Eleanora,Ireland,96112046549,96112046549@mail.com
96113675098,Sammie,Killock,96113675098,96113675098@mail.com
96125251560,Clare,Cove,96125251560,96125251560@mail.com
96156661879,Margie,Greenleaf,96156661879,96156661879@mail.com
96177237132,Leanna,Esan,96177237132,96177237132@mail.com
96182038834,Neppie,Coates,96182038834,96182038834@mail.com
96182097682,Odessa,Edmonds,96182097682,96182097682@mail.com
96196039010,Thurman,Yasmin,96196039010,96196039010@mail.com
96216878049,Moses,Squire,96216878049,96216878049@mail.com
96226434901,William,Helley,96226434901,96226434901@mail.com
96233498144,Daniel,Abbott,96233498144,96233498144@mail.com
96261413822,Lavinia,Tomkins,96261413822,96261413822@mail.com
96276858704,Cleo,Mcgregor,96276858704,96276858704@mail.com
96281293008,Angela,Ritchie,96281293008,96281293008@mail.com
96283479626,Cecile,Langston,96283479626,96283479626@mail.com
96299482161,Charity,Jolley,96299482161,96299482161@mail.com
96304607874,Dave,Norburn,96304607874,96304607874@mail.com
96307085831,Curtis,Rixon,96307085831,96307085831@mail.com
96307688318,Mack,Lawther,96307688318,96307688318@mail.com
96348487779,Hubert,Owens,96348487779,96348487779@mail.com
96357641894,Micheal,Blackman,96357641894,96357641894@mail.com
96361624207,Smith,Deverell,96361624207,96361624207@mail.com
96366654629,Vernon,Robins,96366654629,96366654629@mail.com
96382272047,Hessie,Oleary,96382272047,96382272047@mail.com
96426004340,Florence,Nettleton,96426004340,96426004340@mail.com
96427628366,Budd,Bouvet,96427628366,96427628366@mail.com
96461098426,Emmett,Bale,96461098426,96461098426@mail.com
96464348816,Weaver,Lines,96464348816,96464348816@mail.com
96472228270,Stuart,Spinks,96472228270,96472228270@mail.com
96491807964,Hope,Beatty,96491807964,96491807964@mail.com
96528206820,Leland,Dunnett,96528206820,96528206820@mail.com
96532671112,Isabella,Barnard,96532671112,96532671112@mail.com
96536436264,Emery,Styles,96536436264,96536436264@mail.com
96573282704,Evert,Oddie,96573282704,96573282704@mail.com
96651032612,Zelda,Skipper,96651032612,96651032612@mail.com
96675430188,Jewel,Kerby,96675430188,96675430188@mail.com
96685805978,Clinton,Kirkwood,96685805978,96685805978@mail.com
96694034400,Jerry,Fenwick,96694034400,96694034400@mail.com
96731424398,Velma,Koban,96731424398,96731424398@mail.com
96756499538,Alice,Grenard,96756499538,96756499538@mail.com
96758095554,Gussie,Grivet,96758095554,96758095554@mail.com
96801824994,Salomon,Blakeley,96801824994,96801824994@mail.com
96812458660,Lulie,Chan,96812458660,96812458660@mail.com
96843076767,Evalena,Polson,96843076767,96843076767@mail.com
96848857649,Ruth,Sanchez,96848857649,96848857649@mail.com
96854048526,Ballard,Hargreaves,96854048526,96854048526@mail.com
96861070177,Mike,Rhodes,96861070177,96861070177@mail.com
96867230884,Clem,Burnett,96867230884,96867230884@mail.com
96920240276,Oma,Troon,96920240276,96920240276@mail.com
96929075859,Dock,Pattison,96929075859,96929075859@mail.com
96936238048,Andre,Rodriguez,96936238048,96936238048@mail.com
96946676047,Andrew,Baron,96946676047,96946676047@mail.com
96982070880,Ephriam,Weldon,96982070880,96982070880@mail.com
97018068488,Carolina,Keenan,97018068488,97018068488@mail.com
97020008264,Johnny,Fitzsimmons,97020008264,97020008264@mail.com
97022804400,Hoy,Powis,97022804400,97022804400@mail.com
97031098269,Harley,Kibblewhite,97031098269,97031098269@mail.com
97099246895,Byron,Tudor,97099246895,97099246895@mail.com
97112012863,Tena,Judd,97112012863,97112012863@mail.com
97114859177,Rillie,Fell,97114859177,97114859177@mail.com
97116263928,Kathryne,Leitch,97116263928,97116263928@mail.com
97120635438,Elige,Jarvis,97120635438,97120635438@mail.com
97136397206,Jennette,Parkins,97136397206,97136397206@mail.com
97200097460,Evaline,Alvey,97200097460,97200097460@mail.com
97209602476,Nathanial,Knott,97209602476,97209602476@mail.com
97231812521,Soloman,Ferry,97231812521,97231812521@mail.com
97236268817,Nevada,Debenham,97236268817,97236268817@mail.com
97237408821,Hanna,Singleton,97237408821,97237408821@mail.com
97258079295,Horatio,Worrall,97258079295,97258079295@mail.com
97261660405,Leonora,Dolcy,97261660405,97261660405@mail.com
97308462014,Myrtle,Bamford,97308462014,97308462014@mail.com
97318037809,Birt,Forester,97318037809,97318037809@mail.com
97358836792,Hazel,Griffith,97358836792,97358836792@mail.com
97368649291,Jack,Roth,97368649291,97368649291@mail.com
97396865618,Perry,Lethbridge,97396865618,97396865618@mail.com
97404810883,Gary,Needham,97404810883,97404810883@mail.com
97407436624,Tracy,Shannon,97407436624,97407436624@mail.com
97422601695,Flem,Kent,97422601695,97422601695@mail.com
97468800111,Kathrine,Butterworth,97468800111,97468800111@mail.com
97487059301,Nella,Voakes,97487059301,97487059301@mail.com
97494504056,Emeline,Larkin,97494504056,97494504056@mail.com
97513879892,Sophia,Feltham,97513879892,97513879892@mail.com
97539677363,Eric,Caldwell,97539677363,97539677363@mail.com
97541093663,Madge,Stewart,97541093663,97541093663@mail.com
97567214947,Adrienne,Lakin,97567214947,97567214947@mail.com
97587647470,Kittie,Teague,97587647470,97587647470@mail.com
97594694023,Ula,Alesbury,97594694023,97594694023@mail.com
97630890320,Tressa,Amin,97630890320,97630890320@mail.com
97632085045,Horace,Kinch,97632085045,97632085045@mail.com
97651264409,Hollie,Abraham,97651264409,97651264409@mail.com
97677086059,Alden,Moorhouse,97677086059,97677086059@mail.com
97733005915,Beryl,Otoole,97733005915,97733005915@mail.com
97757664995,Olaf,Thornes,97757664995,97757664995@mail.com
97761289745,Eli,Coulson,97761289745,97761289745@mail.com
97766026036,Jettie,Dodds,97766026036,97766026036@mail.com
97768201750,Juanita,Irvine,97768201750,97768201750@mail.com
97838681799,Artie,Andrews,97838681799,97838681799@mail.com
97846270543,Cleo,Rees,97846270543,97846270543@mail.com
97853242747,Phineas,Marlow,97853242747,97853242747@mail.com
97876654993,Ora,Hodson,97876654993,97876654993@mail.com
97933242093,Irma,Dewar,97933242093,97933242093@mail.com
97934636985,Aurelia,Perry,97934636985,97934636985@mail.com
97947416791,Magdalena,Holdsworth,97947416791,97947416791@mail.com
97949613157,Freda,Thistlethwaite,97949613157,97949613157@mail.com
97954659158,Chas,Ludkin,97954659158,97954659158@mail.com
98006656449,Rolla,Piercey,98006656449,98006656449@mail.com
98047842326,Washington,Omalley,98047842326,98047842326@mail.com
98083043966,Redden,Spence,98083043966,98083043966@mail.com
98089029940,Donald,Pryor,98089029940,98089029940@mail.com
98089653855,Oswald,Barclay,98089653855,98089653855@mail.com
98190627526,Lida,Kendrick,98190627526,98190627526@mail.com
98236826730,Roland,Kearney,98236826730,98236826730@mail.com
98251429182,Jesse,Dorman,98251429182,98251429182@mail.com
98251855547,Carleton,Cannon,98251855547,98251855547@mail.com
98261824883,Metta,Nobbs,98261824883,98261824883@mail.com
98266292218,Francis,Kimber,98266292218,98266292218@mail.com
98276864958,Fleming,Gilder,98276864958,98276864958@mail.com
98287227793,Floy,Court,98287227793,98287227793@mail.com
98347471842,Leola,Sykes,98347471842,98347471842@mail.com
98355225523,Marion,Water,98355225523,98355225523@mail.com
98370461979,Goldie,Kinghorn,98370461979,98370461979@mail.com
98385282213,Alois,Everton,98385282213,98385282213@mail.com
98406160630,Margarett,Karim,98406160630,98406160630@mail.com
98421022838,Monroe,Anton,98421022838,98421022838@mail.com
98435647437,Truman,Ilsley,98435647437,98435647437@mail.com
98504652923,Emerson,Creasey,98504652923,98504652923@mail.com
98505424340,Geneva,Will,98505424340,98505424340@mail.com
98513038818,Nena,Dougherty,98513038818,98513038818@mail.com
98517465171,Milford,Essan,98517465171,98517465171@mail.com
98566078178,Rachel,Sisson,98566078178,98566078178@mail.com
98571079087,Kirk,Bill,98571079087,98571079087@mail.com
98585219189,Elvira,Russon,98585219189,98585219189@mail.com
98600795997,Tabitha,Forth,98600795997,98600795997@mail.com
98608463629,Phebe,Hatton,98608463629,98608463629@mail.com
98641291409,Ellar,Wrenn,98641291409,98641291409@mail.com
98643428561,Ferd,King,98643428561,98643428561@mail.com
98658010126,Fredrick,Falk,98658010126,98658010126@mail.com
98659854548,Lavenia,Forster,98659854548,98659854548@mail.com
98667265723,Concepcion,Laws,98667265723,98667265723@mail.com
98671677123,Augustine,Laverick,98671677123,98671677123@mail.com
98702036006,Zola,Lockie,98702036006,98702036006@mail.com
98717675389,Hiram,Sharples,98717675389,98717675389@mail.com
98718867857,Gordon,Daley,98718867857,98718867857@mail.com
98772817587,Vena,Dyde,98772817587,98772817587@mail.com
98787491747,Wiley,Broadhurst,98787491747,98787491747@mail.com
98792321725,Bella,Moreno,98792321725,98792321725@mail.com
98830638069,Judy,Isherwod,98830638069,98830638069@mail.com
98836652921,Therese,Odling,98836652921,98836652921@mail.com
98863631588,Freddie,Tickner,98863631588,98863631588@mail.com
98884205550,Blanch,Halliwell,98884205550,98884205550@mail.com
98897298013,Grover,Neill,98897298013,98897298013@mail.com
98971441242,Curt,Trafford,98971441242,98971441242@mail.com
98974621966,Abe,Pendleton,98974621966,98974621966@mail.com
98978097759,Onie,Althoff,98978097759,98978097759@mail.com
98990277242,Lewis,Gregory,98990277242,98990277242@mail.com
98994038365,Wilhelm,Glew,98994038365,98994038365@mail.com
98994836898,Ernestine,Horner,98994836898,98994836898@mail.com
99010472414,Tobias,Rawlinson,99010472414,99010472414@mail.com
99027426788,Nola,Callaghan,99027426788,99027426788@mail.com
99038061300,Adelaide,Farnworth,99038061300,99038061300@mail.com
99053469191,Joel,Driver,99053469191,99053469191@mail.com
99065491332,Roxie,Dobbin,99065491332,99065491332@mail.com
99070661550,Pinkney,Godby,99070661550,99070661550@mail.com
99091001111,Layton,Teale,99091001111,99091001111@mail.com
99105087991,Tillman,Lovell,99105087991,99105087991@mail.com
99105602188,Israel,Burrows,99105602188,99105602188@mail.com
99119033975,Angelina,Everson,99119033975,99119033975@mail.com
99123260448,Donnie,Vickerman,99123260448,99123260448@mail.com
99143270102,Agustus,Ostler,99143270102,99143270102@mail.com
99145236645,Antoinette,Ingledew,99145236645,99145236645@mail.com
99164284542,Ethyl,Jenner,99164284542,99164284542@mail.com
99165699395,Fate,Knab,99165699395,99165699395@mail.com
99221052310,Elma,Dornan,99221052310,99221052310@mail.com
99239694374,Warner,Agar,99239694374,99239694374@mail.com
99242637535,Sumner,Deeley,99242637535,99242637535@mail.com
99253623902,Llewellyn,Golding,99253623902,99253623902@mail.com
99274066162,Alpha,Thurgood,99274066162,99274066162@mail.com
99329867987,Ara,Lovatt,99329867987,99329867987@mail.com
99357630726,Jodie,Dolan,99357630726,99357630726@mail.com
99372461176,Aron,Crabtree,99372461176,99372461176@mail.com
99388435555,Retta,Pinsmail,99388435555,99388435555@mail.com
99400682376,Connie,Isnard,99400682376,99400682376@mail.com
99404821915,Eben,Peyton,99404821915,99404821915@mail.com
99425417747,Elbert,Everett,99425417747,99425417747@mail.com
99458670834,Lauretta,Froggatt,99458670834,99458670834@mail.com
99482657579,Lugenia,Enticott,99482657579,99482657579@mail.com
99486875748,Hence,Jeffcock,99486875748,99486875748@mail.com
99499220879,Queenie,Aubrey,99499220879,99499220879@mail.com
99509001061,Polly,Stephen,99509001061,99509001061@mail.com
99526850029,Ishmael,Fulton,99526850029,99526850029@mail.com
99529269665,Billy,Mcgrory,99529269665,99529269665@mail.com
99536628101,Lyda,Kore,99536628101,99536628101@mail.com
99543242044,Eber,Prevost,99543242044,99543242044@mail.com
99564076279,Adella,Shanks,99564076279,99564076279@mail.com
99582889867,Alda,Leaver,99582889867,99582889867@mail.com
99586845926,Matt,Brooke,99586845926,99586845926@mail.com
99587422585,Payton,Geldard,99587422585,99587422585@mail.com
99637277841,Omar,Kingsley,99637277841,99637277841@mail.com
99677262105,Edith,Glaister,99677262105,99677262105@mail.com
99678867670,Maymie,Kentwood,99678867670,99678867670@mail.com
99680285299,Willian,Hogan,99680285299,99680285299@mail.com
99681895824,Jewel,Armitage,99681895824,99681895824@mail.com
99685441683,Celina,Eldeston,99685441683,99685441683@mail.com
99686597204,Ora,Newman,99686597204,99686597204@mail.com
80450260926,Aurelia,Watkins,80450260926,80450260926@mail.com
80457280438,August,Ashley,80457280438,80457280438@mail.com
80482253156,Alexander,Tunstall,80482253156,80482253156@mail.com
80485609383,Tena,Voakes,80485609383,80485609383@mail.com
80493853592,Arther,Kelliher,80493853592,80493853592@mail.com
80508879862,Arch,Sissons,80508879862,80508879862@mail.com
80568682825,Bama,Mansell,80568682825,80568682825@mail.com
80583680594,Edmonia,Wraight,80583680594,80583680594@mail.com
80586060924,Jesus,Younge,80586060924,80586060924@mail.com
80591467965,Wallace,Tweddle,80591467965,80591467965@mail.com
80595857317,Chloe,Mackay,80595857317,80595857317@mail.com
80628487120,Richard,Eyett,80628487120,80628487120@mail.com
80628556046,Rillie,Foxley,80628556046,80628556046@mail.com
80647201766,Lovisa,Willis,80647201766,80647201766@mail.com
80660070111,Enrique,Peyton,80660070111,80660070111@mail.com
80660474467,Spencer,Nourse,80660474467,80660474467@mail.com
80677402522,Corine,Lyme,80677402522,80677402522@mail.com
80708210925,Tillie,Burton,80708210925,80708210925@mail.com
80743890690,Manie,Chapman,80743890690,80743890690@mail.com
80752875477,Catharine,Beadle,80752875477,80752875477@mail.com
80767276504,Emelia,Eden,80767276504,80767276504@mail.com
80772472700,Santos,Errington,80772472700,80772472700@mail.com
80782698840,Fayette,Snow,80782698840,80782698840@mail.com
80784099888,Lillie,Beattie,80784099888,80784099888@mail.com
80796641295,Abe,Chase,80796641295,80796641295@mail.com
80803079353,Asberry,Killen,80803079353,80803079353@mail.com
80810453531,Walton,Steele,80810453531,80810453531@mail.com
80843296636,Clinton,Snowdon,80843296636,80843296636@mail.com
80855871855,Morgan,Anton,80855871855,80855871855@mail.com
80867047655,Ottilie,Titmus,80867047655,80867047655@mail.com
80876897271,Mazie,Tutton,80876897271,80876897271@mail.com
80877280939,Wanda,Southern,80877280939,80877280939@mail.com
80881434932,Minnie,Alldritt,80881434932,80881434932@mail.com
80883876398,Albert,Duke,80883876398,80883876398@mail.com
80886832613,Vance,Ohalloran,80886832613,80886832613@mail.com
80886898485,Olin,Kidman,80886898485,80886898485@mail.com
80894801899,Henry,Hutton,80894801899,80894801899@mail.com
80905038121,Rafe,Notman,80905038121,80905038121@mail.com
80921281236,Leonidas,Leary,80921281236,80921281236@mail.com
80921460620,Jones,Hiscocks,80921460620,80921460620@mail.com
80929041084,Wes,Ashurst,80929041084,80929041084@mail.com
80947298595,Mack,Budd,80947298595,80947298595@mail.com
80949441217,Elva,Addinall,80949441217,80949441217@mail.com
80952411707,Catherine,Lennard,80952411707,80952411707@mail.com
80975056844,Tommie,Ling,80975056844,80975056844@mail.com
80978610208,Samuel,Rees,80978610208,80978610208@mail.com
81020848219,Scott,Brelsford,81020848219,81020848219@mail.com
81029213829,Frederick,Nelmes,81029213829,81029213829@mail.com
81033883344,Rowena,Elmore,81033883344,81033883344@mail.com
81053030825,Sabina,Feeney,81053030825,81053030825@mail.com
81109018140,Hillard,Mair,81109018140,81109018140@mail.com
81110232087,Alvena,Barrow,81110232087,81110232087@mail.com
81134214636,Norris,Simons,81134214636,81134214636@mail.com
81134885031,Clare,Kipling,81134885031,81134885031@mail.com
81139228846,Bird,Fairbrother,81139228846,81139228846@mail.com
81147216110,Judson,Reynolds,81147216110,81147216110@mail.com
81152136630,Aline,Dawes,81152136630,81152136630@mail.com
81165241950,Clemie,Ball,81165241950,81165241950@mail.com
81165254938,Clemente,Barnard,81165254938,81165254938@mail.com
81178471986,Handy,Kilmurry,81178471986,81178471986@mail.com
81212629258,Ocie,Allen,81212629258,81212629258@mail.com
81221229107,Freda,Keighley,81221229107,81221229107@mail.com
81223080982,Moses,Tedd,81223080982,81223080982@mail.com
81236482255,Johnie,Cronin,81236482255,81236482255@mail.com
81263641502,Israel,Leyland,81263641502,81263641502@mail.com
81301274967,Hope,Booth,81301274967,81301274967@mail.com
81304605460,Vina,Passmore,81304605460,81304605460@mail.com
81305061003,Mal,Train,81305061003,81305061003@mail.com
81340805251,Kittie,Foley,81340805251,81340805251@mail.com
81418269804,Effie,Dayman,81418269804,81418269804@mail.com
81432636376,Deborah,Crisp,81432636376,81432636376@mail.com
81439867216,Nelle,Drew,81439867216,81439867216@mail.com
81443628640,Yee,Kendall,81443628640,81443628640@mail.com
81444412399,Margie,Evison,81444412399,81444412399@mail.com
81445699319,Washington,Mcnulty,81445699319,81445699319@mail.com
81464453681,Mattie,Court,81464453681,81464453681@mail.com
81470008319,Effa,Probert,81470008319,81470008319@mail.com
81488811587,Madge,Short,81488811587,81488811587@mail.com
81522018172,Rollin,Markham,81522018172,81522018172@mail.com
81558468392,Mittie,Caddy,81558468392,81558468392@mail.com
81589073495,Jewell,Everitt,81589073495,81589073495@mail.com
81605075946,Dixie,Jeffrey,81605075946,81605075946@mail.com
81613820453,Lydia,Aslam,81613820453,81613820453@mail.com
81616561090,Colonel,Farley,81616561090,81616561090@mail.com
81661667065,Annette,Gillett,81661667065,81661667065@mail.com
81670098300,Harley,Horne,81670098300,81670098300@mail.com
81677429122,Al,Gibbs,81677429122,81677429122@mail.com
81682973366,Mont,Reddy,81682973366,81682973366@mail.com
81683401588,Elbert,Dale,81683401588,81683401588@mail.com
81683652031,Nelson,Adrol,81683652031,81683652031@mail.com
81702460328,Georgia,Isaacs,81702460328,81702460328@mail.com
81730408154,Loula,Dunnett,81730408154,81730408154@mail.com
81753297907,Malissa,Patel,81753297907,81753297907@mail.com
81762663993,Stephen,Rushby,81762663993,81762663993@mail.com
81765414852,Amelia,Lowndes,81765414852,81765414852@mail.com
81844478770,Annabel,Mckenna,81844478770,81844478770@mail.com
81860024852,Clementine,King,81860024852,81860024852@mail.com
81867875427,Adrienne,Neilson,81867875427,81867875427@mail.com
81876448786,Pearl,Strong,81876448786,81876448786@mail.com
81885420178,Vernie,Miles,81885420178,81885420178@mail.com
